{"cameraMode":{"drawMode":0,"name":"Shaded","section":"Shading Mode"},"sceneLighting":true,"audioPlay":false,"sceneViewState":{"showFog":true,"showMaterialUpdate":false,"showSkybox":true,"showFlares":true,"showImageEffects":true,"showParticleSystems":true},"in2DMode":false,"pivot":{"x":11.341763496398926,"y":16.561206817626954,"z":41.50539779663086},"rotation":{"x":-0.05993066355586052,"y":0.033247947692871097,"z":0.0019939052872359754,"w":0.9976525902748108},"size":37.17421340942383,"orthographic":false}