{"cameraMode":{"drawMode":0,"name":"Shaded","section":"Shading Mode"},"sceneLighting":true,"audioPlay":false,"sceneViewState":{"showFog":true,"showMaterialUpdate":false,"showSkybox":false,"showFlares":true,"showImageEffects":true,"showParticleSystems":true},"in2DMode":false,"pivot":{"x":14.342390060424805,"y":-30.747953414916993,"z":1.421033501625061},"rotation":{"x":-0.23904910683631898,"y":-0.6969330310821533,"z":0.2686243951320648,"w":-0.6205379962921143},"size":98.23127746582031,"orthographic":false}