{"cameraMode":{"drawMode":0,"name":"Shaded","section":"Shading Mode"},"sceneLighting":false,"audioPlay":false,"sceneViewState":{"showFog":true,"showMaterialUpdate":false,"showSkybox":false,"showFlares":true,"showImageEffects":true,"showParticleSystems":true},"in2DMode":false,"pivot":{"x":530.4425659179688,"y":359.93408203125,"z":-76.64299011230469},"rotation":{"x":0.15515528619289399,"y":-0.33772778511047366,"z":0.05654696002602577,"w":0.9266471266746521},"size":254.77804565429688,"orthographic":false}