{"cameraMode":{"drawMode":0,"name":"Shaded","section":"Shading Mode"},"sceneLighting":false,"audioPlay":false,"sceneViewState":{"showFog":true,"showMaterialUpdate":false,"showSkybox":false,"showFlares":true,"showImageEffects":true,"showParticleSystems":true},"in2DMode":false,"pivot":{"x":0.09693896770477295,"y":-1.2172296047210694,"z":-11.069459915161133},"rotation":{"x":0.2485238015651703,"y":-0.07835591584444046,"z":0.02017456293106079,"w":0.9652404189109802},"size":7.751353740692139,"orthographic":false}